Example ID,Interface Method
train-1,setEventColor
train-2,fireEmployees
train-3,remove
train-4,assignEmployeeToNewPosition
train-5,remove
train-6,unloadContainers
train-7,turnLightOff
train-8,fireEmployees
train-9,setEventColor
train-10,loadContainers
train-11,turnLightOff
train-12,setEventColor
train-13,turnLightOn
train-14,removeFiles
train-15,moveFiles
train-16,moveToEnd
train-17,loadContainers
train-18,assignEmployeeToNewPosition
train-19,removeContainers
train-20,turnLightOn
train-21,muteChatGroups
train-22,turnLightOn
train-23,moveFiles
train-24,moveToBeginning
train-25,moveToBeginning
train-26,setEventColor
train-27,removeContainers
train-28,updateSalary
train-29,removeEvents
train-30,turnLightOff
train-31,unmuteChatGroups
train-32,createChatGroup
train-33,removeContainers
train-34,moveToEnd
train-35,loadContainers
train-36,remove
train-37,removeFiles
train-38,moveToEnd
train-39,removeFiles
train-40,removeFiles
train-41,turnLightOff
train-42,assignEmployeeToNewPosition
train-43,turnLightOn
train-44,removeContainers
train-45,moveFiles
train-46,setEventColor
train-47,loadContainers
train-48,assignEmployeeToNewPosition
train-49,turnLightOn
train-50,removeFiles
train-51,createChatGroup
train-52,assignEmployeeToNewPosition
train-53,createChatGroup
train-54,turnLightOff
train-55,removeEvents
train-56,setEventColor
train-57,moveToBeginning
train-58,unloadContainers
train-59,remove
train-60,moveToEnd
train-61,removeFiles
train-62,loadContainers
train-63,assignEmployeeToNewPosition
train-64,unloadContainers
train-65,fireEmployees
train-66,moveFiles
train-67,remove
train-68,updateSalary
train-69,unmuteChatGroups
train-70,fireEmployees
train-71,moveToEnd
train-72,moveFiles
train-73,turnLightOn
train-74,unloadContainers
train-75,moveToEnd
train-76,removeContainers
train-77,removeFiles
train-78,muteChatGroups
train-79,assignEmployeeToNewPosition
train-80,moveToBeginning
train-81,moveFiles
train-82,turnLightOn
train-83,setEventColor
train-84,updateSalary
train-85,moveToEnd
train-86,setEventColor
train-87,unloadContainers
train-88,unloadContainers
train-89,removeFiles
train-90,fireEmployees
train-91,updateSalary
train-92,turnLightOff
train-93,turnLightOff
train-94,removeFiles
train-95,unloadContainers
train-96,removeFiles
train-97,moveToBeginning
train-98,updateSalary
train-99,muteChatGroups
train-100,fireEmployees
train-101,moveFiles
train-102,createChatGroup
train-103,removeContainers
train-104,moveFiles
train-105,turnLightOff
train-106,setEventColor
train-107,unloadContainers
train-108,turnLightOff
train-109,assignEmployeesToNewManager
train-110,muteChatGroups
train-111,moveFiles
train-112,moveToBeginning
train-113,assignEmployeeToNewPosition
train-114,removeEvents
train-115,removeFiles
train-116,moveToEnd
train-117,removeEvents
train-118,setEventColor
train-119,muteChatGroups
train-120,moveFiles
train-121,loadContainers
train-122,loadContainers
train-123,muteChatGroups
train-124,unloadContainers
train-125,unmuteChatGroups
train-126,turnLightOn
train-127,setEventColor
train-128,unloadContainers
train-129,remove
train-130,removeContainers
train-131,unmuteChatGroups
train-132,loadContainers
train-133,unmuteChatGroups
train-134,removeEvents
train-135,setEventColor
train-136,updateSalary
train-137,removeContainers
train-138,turnLightOn
train-139,setEventColor
train-140,removeEvents
train-141,turnLightOff
train-142,loadContainers
train-143,muteChatGroups
train-144,deleteChatGroups
train-145,muteChatGroups
train-146,assignEmployeesToNewManager
train-147,turnLightOn
train-148,moveToEnd
train-149,moveFiles
train-150,assignEmployeesToNewManager
train-151,removeFiles
train-152,removeFiles
train-153,turnLightOff
train-154,moveFiles
train-155,loadContainers
train-156,removeEvents
train-157,loadContainers
train-158,deleteChatGroups
train-159,turnLightOn
train-160,moveToEnd
train-161,muteChatGroups
train-162,unloadContainers
train-163,removeEvents
train-164,assignEmployeeToNewPosition
train-165,turnLightOff
train-166,removeFiles
train-167,turnLightOff
train-168,updateSalary
train-169,assignEmployeeToNewPosition
train-170,turnLightOff
train-171,removeContainers
train-172,muteChatGroups
train-173,assignEmployeesToNewManager
train-174,turnLightOff
train-175,removeEvents
train-176,removeEvents
train-177,turnLightOff
train-178,loadContainers
train-179,turnLightOff
train-180,updateSalary
train-181,turnLightOn
train-182,updateSalary
train-183,updateSalary
train-184,remove
train-185,turnLightOn
train-186,createChatGroup
train-187,createChatGroup
train-188,setEventColor
train-189,removeEvents
train-190,turnLightOff
train-191,deleteChatGroups
train-192,removeFiles
train-193,removeContainers
train-194,loadContainers
train-195,moveFiles
train-196,turnLightOff
train-197,turnLightOff
train-198,setEventColor
train-199,remove
train-200,unmuteChatGroups
train-201,turnLightOn
train-202,fireEmployees
train-203,removeFiles
train-204,turnLightOn
train-205,setEventColor
train-206,removeFiles
train-207,unloadContainers
train-208,moveToBeginning
train-209,turnLightOn
train-210,turnLightOn
train-211,moveFiles
train-212,moveFiles
train-213,turnLightOn
train-214,moveFiles
train-215,moveToEnd
train-216,moveToEnd
train-217,moveToEnd
train-218,deleteChatGroups
train-219,muteChatGroups
train-220,remove
train-221,unloadContainers
train-222,updateSalary
train-223,turnLightOff
train-224,moveToEnd
train-225,removeEvents
train-226,unloadContainers
train-227,turnLightOn
train-228,unloadContainers
train-229,turnLightOff
train-230,assignEmployeeToNewPosition
train-231,removeContainers
train-232,setEventColor
train-233,fireEmployees
train-234,moveFiles
train-235,setEventColor
train-236,loadContainers
train-237,assignEmployeeToNewPosition
train-238,moveFiles
train-239,removeContainers
train-240,turnLightOn
train-241,loadContainers
train-242,unloadContainers
train-243,moveFiles
train-244,setEventColor
train-245,removeEvents
train-246,setEventColor
train-247,moveToBeginning
train-248,createChatGroup
train-249,turnLightOn
train-250,unmuteChatGroups
train-251,removeEvents
train-252,setEventColor
train-253,moveToBeginning
train-254,remove
train-255,loadContainers
train-256,fireEmployees
train-257,turnLightOff
train-258,moveToBeginning
train-259,removeEvents
train-260,removeContainers
train-261,removeFiles
train-262,loadContainers
train-263,unloadContainers
train-264,loadContainers
train-265,moveToEnd
train-266,removeEvents
train-267,unloadContainers
train-268,removeContainers
train-269,moveToBeginning
train-270,turnLightOn
train-271,turnLightOn
train-272,moveToEnd
train-273,moveFiles
train-274,assignEmployeesToNewManager
train-275,deleteChatGroups
train-276,assignEmployeesToNewManager
train-277,loadContainers
train-278,removeEvents
train-279,setEventColor
train-280,setEventColor
train-281,assignEmployeeToNewPosition
train-282,turnLightOn
train-283,assignEmployeesToNewManager
train-284,setEventColor
train-285,deleteChatGroups
train-286,loadContainers
train-287,unmuteChatGroups
train-288,turnLightOff
train-289,assignEmployeesToNewManager
train-290,turnLightOn
train-291,setEventColor
train-292,removeContainers
train-293,createChatGroup
train-294,unloadContainers
train-295,deleteChatGroups
train-296,fireEmployees
train-297,fireEmployees
train-298,remove
train-299,removeFiles
train-300,turnLightOff
train-301,moveToEnd
train-302,unloadContainers
train-303,setEventColor
train-304,updateSalary
train-305,createChatGroup
train-306,removeFiles
train-307,moveToBeginning
train-308,setEventColor
train-309,moveFiles
train-310,assignEmployeesToNewManager
train-311,moveFiles
train-312,moveToEnd
train-313,moveToEnd
train-314,turnLightOff
train-315,removeFiles
train-316,assignEmployeesToNewManager
train-317,setEventColor
train-318,turnLightOff
train-319,moveFiles
train-320,turnLightOn
train-321,updateSalary
train-322,updateSalary
train-323,moveToBeginning
train-324,assignEmployeeToNewPosition
train-325,updateSalary
train-326,muteChatGroups
train-327,removeEvents
train-328,turnLightOn
train-329,moveFiles
train-330,assignEmployeesToNewManager
train-331,assignEmployeeToNewPosition
train-332,removeEvents
train-333,moveToEnd
train-334,removeContainers
train-335,turnLightOn
train-336,turnLightOff
train-337,unloadContainers
train-338,unmuteChatGroups
train-339,assignEmployeesToNewManager
train-340,moveToEnd
train-341,turnLightOn
train-342,moveToEnd
train-343,createChatGroup
train-344,moveToBeginning
train-345,loadContainers
train-346,unmuteChatGroups
train-347,moveToBeginning
train-348,updateSalary
train-349,removeContainers
train-350,setEventColor
train-351,assignEmployeesToNewManager
train-352,removeEvents
train-353,moveFiles
train-354,turnLightOff
train-355,remove
train-356,createChatGroup
train-357,turnLightOff
train-358,unmuteChatGroups
train-359,setEventColor
train-360,removeEvents
train-361,turnLightOff
train-362,moveFiles
train-363,loadContainers
train-364,deleteChatGroups
train-365,fireEmployees
train-366,moveFiles
train-367,createChatGroup
train-368,removeEvents
train-369,removeEvents
train-370,moveFiles
train-371,muteChatGroups
train-372,removeContainers
train-373,turnLightOn
train-374,moveFiles
train-375,turnLightOff
train-376,deleteChatGroups
train-377,moveToBeginning
train-378,setEventColor
train-379,removeEvents
train-380,turnLightOff
train-381,remove
train-382,removeContainers
train-383,turnLightOn
train-384,moveFiles
train-385,removeFiles
train-386,assignEmployeeToNewPosition
train-387,removeEvents
train-388,unloadContainers
train-389,createChatGroup
train-390,assignEmployeesToNewManager
train-391,deleteChatGroups
train-392,removeFiles
train-393,moveToBeginning
train-394,assignEmployeesToNewManager
train-395,fireEmployees
train-396,turnLightOff
train-397,loadContainers
train-398,fireEmployees
train-399,createChatGroup
train-400,assignEmployeeToNewPosition
train-401,setEventColor
train-402,unmuteChatGroups
train-403,moveToBeginning
train-404,unloadContainers
train-405,removeEvents
train-406,moveToBeginning
train-407,createChatGroup
train-408,assignEmployeeToNewPosition
train-409,moveToEnd
train-410,assignEmployeesToNewManager
train-411,moveToBeginning
train-412,removeFiles
train-413,moveToEnd
train-414,deleteChatGroups
train-415,removeFiles
train-416,removeContainers
train-417,createChatGroup
train-418,turnLightOff
train-419,muteChatGroups
train-420,removeContainers
train-421,moveFiles
train-422,unmuteChatGroups
train-423,setEventColor
train-424,loadContainers
train-425,removeEvents
train-426,assignEmployeesToNewManager
train-427,setEventColor
train-428,moveToBeginning
train-429,removeFiles
train-430,unloadContainers
train-431,deleteChatGroups
train-432,assignEmployeesToNewManager
train-433,setEventColor
train-434,remove
train-435,muteChatGroups
train-436,moveFiles
train-437,removeEvents
train-438,assignEmployeeToNewPosition
train-439,moveToEnd
train-440,assignEmployeeToNewPosition
train-441,remove
train-442,unmuteChatGroups
train-443,loadContainers
train-444,unloadContainers
train-445,removeFiles
train-446,turnLightOn
train-447,removeEvents
train-448,fireEmployees
train-449,turnLightOn
train-450,moveFiles
train-451,unmuteChatGroups
train-452,removeFiles
train-453,fireEmployees
train-454,fireEmployees
train-455,remove
train-456,removeFiles
train-457,loadContainers
train-458,removeFiles
train-459,removeFiles
train-460,turnLightOn
train-461,removeFiles
train-462,assignEmployeeToNewPosition
train-463,removeContainers
train-464,remove
train-465,createChatGroup
train-466,moveFiles
train-467,removeContainers
train-468,setEventColor
train-469,setEventColor
train-470,removeFiles
train-471,assignEmployeesToNewManager
train-472,updateSalary
train-473,removeFiles
train-474,setEventColor
train-475,moveToEnd
train-476,turnLightOn
train-477,removeContainers
train-478,setEventColor
train-479,moveToBeginning
train-480,turnLightOn
train-481,removeContainers
train-482,moveToEnd
train-483,removeFiles
train-484,setEventColor
train-485,remove
train-486,loadContainers
train-487,moveFiles
train-488,removeEvents
train-489,assignEmployeeToNewPosition
train-490,assignEmployeesToNewManager
train-491,moveFiles
train-492,setEventColor
train-493,setEventColor
train-494,removeEvents
train-495,removeEvents
train-496,fireEmployees
train-497,removeFiles
train-498,moveToEnd
train-499,removeContainers
train-500,removeContainers
train-501,remove
train-502,removeEvents
train-503,fireEmployees
train-504,assignEmployeesToNewManager
train-505,removeFiles
train-506,moveToBeginning
train-507,removeEvents
train-508,moveToBeginning
train-509,remove
train-510,setEventColor
train-511,remove
train-512,unmuteChatGroups
train-513,moveFiles
train-514,muteChatGroups
train-515,setEventColor
train-516,unloadContainers
train-517,turnLightOn
train-518,assignEmployeesToNewManager
train-519,moveToEnd
train-520,setEventColor
train-521,setEventColor
train-522,unloadContainers
train-523,deleteChatGroups
train-524,removeEvents
train-525,muteChatGroups
train-526,unmuteChatGroups
train-527,remove
train-528,moveFiles
train-529,removeFiles
train-530,removeFiles
train-531,turnLightOff
train-532,unloadContainers
train-533,unloadContainers
train-534,remove
train-535,loadContainers
train-536,remove
train-537,assignEmployeeToNewPosition
train-538,removeEvents
train-539,unloadContainers
train-540,loadContainers
train-541,removeFiles
train-542,removeContainers
train-543,moveToEnd
train-544,remove
train-545,moveFiles
train-546,removeFiles
train-547,turnLightOn
train-548,turnLightOn
train-549,moveToBeginning
train-550,updateSalary
train-551,deleteChatGroups
train-552,removeEvents
train-553,unloadContainers
train-554,removeEvents
train-555,turnLightOn
train-556,updateSalary
train-557,turnLightOff
train-558,remove
train-559,assignEmployeeToNewPosition
train-560,removeEvents
train-561,turnLightOff
train-562,turnLightOn
train-563,assignEmployeesToNewManager
train-564,unloadContainers
train-565,createChatGroup
train-566,removeEvents
train-567,moveFiles
train-568,setEventColor
train-569,moveFiles
train-570,deleteChatGroups
train-571,moveFiles
train-572,remove
train-573,moveToEnd
train-574,remove
train-575,moveToBeginning
train-576,removeContainers
train-577,remove
train-578,muteChatGroups
train-579,turnLightOn
train-580,turnLightOff
train-581,deleteChatGroups
train-582,moveToBeginning
train-583,moveFiles
train-584,removeFiles
train-585,turnLightOff
train-586,removeEvents
train-587,removeFiles
train-588,removeFiles
train-589,createChatGroup
train-590,removeFiles
train-591,unmuteChatGroups
train-592,moveToEnd
train-593,turnLightOn
train-594,unmuteChatGroups
train-595,moveToBeginning
train-596,setEventColor
train-597,updateSalary
train-598,turnLightOff
train-599,fireEmployees
train-600,assignEmployeeToNewPosition
train-601,turnLightOff
train-602,moveFiles
train-603,moveToBeginning
train-604,turnLightOff
train-605,removeEvents
train-606,moveToBeginning
train-607,updateSalary
train-608,moveFiles
train-609,turnLightOff
train-610,moveFiles
train-611,fireEmployees
train-612,removeFiles
train-613,removeContainers
train-614,loadContainers
train-615,turnLightOff
train-616,loadContainers
train-617,turnLightOff
train-618,muteChatGroups
train-619,deleteChatGroups
train-620,turnLightOn
train-621,deleteChatGroups
train-622,turnLightOn
train-623,assignEmployeesToNewManager
train-624,fireEmployees
train-625,turnLightOff
train-626,moveToEnd
train-627,moveToBeginning
train-628,moveFiles
train-629,removeContainers
train-630,loadContainers
train-631,updateSalary
train-632,createChatGroup
train-633,turnLightOn
train-634,moveFiles
train-635,removeContainers
train-636,deleteChatGroups
train-637,deleteChatGroups
train-638,unmuteChatGroups
train-639,muteChatGroups
train-640,moveToBeginning
train-641,turnLightOn
train-642,moveToEnd
train-643,unmuteChatGroups
train-644,updateSalary
train-645,loadContainers
train-646,remove
train-647,removeEvents
train-648,createChatGroup
train-649,turnLightOn
train-650,assignEmployeesToNewManager
train-651,assignEmployeesToNewManager
train-652,unmuteChatGroups
train-653,turnLightOn
train-654,removeFiles
train-655,removeEvents
train-656,remove
train-657,turnLightOn
train-658,turnLightOn
train-659,fireEmployees
train-660,muteChatGroups
train-661,unmuteChatGroups
train-662,createChatGroup
train-663,unmuteChatGroups
train-664,setEventColor
train-665,remove
train-666,removeContainers
train-667,deleteChatGroups
train-668,fireEmployees
train-669,removeEvents
train-670,removeEvents
train-671,unloadContainers
train-672,createChatGroup
train-673,turnLightOn
train-674,updateSalary
train-675,setEventColor
train-676,updateSalary
train-677,removeFiles
train-678,turnLightOff
train-679,turnLightOff
train-680,moveToBeginning
train-681,moveFiles
train-682,removeFiles
train-683,turnLightOff
train-684,loadContainers
train-685,setEventColor
train-686,createChatGroup
train-687,removeContainers
train-688,fireEmployees
train-689,removeEvents
train-690,muteChatGroups
train-691,unmuteChatGroups
train-692,remove
train-693,createChatGroup
train-694,loadContainers
train-695,muteChatGroups
train-696,removeFiles
train-697,removeFiles
train-698,turnLightOff
train-699,removeEvents
train-700,muteChatGroups
train-701,unloadContainers
train-702,loadContainers
train-703,turnLightOff
train-704,muteChatGroups
train-705,removeEvents
train-706,remove
train-707,moveToBeginning
